id;type;marque;modele;numeroserie;datevol
1;lunatique;ensuite guetter;devant bon;que téméraire;2024-06-11T19:56:41
2;bè diplomate efficace;combiner;apte;diététiste approximativement vaste;2024-06-12T03:19:27
3;jeune enfant vers tousser;avant de peu;après que contre en plus de;sombre soudain ça;2024-06-11T19:05:03
4;du fait que crever incognito;biathlète tellement;davantage prestataire de services;suffisamment au cas où calme;2024-06-11T17:01:33
5;naître;insipide jusque;au défaut de;adepte conduire pleurer;2024-06-12T05:15:43
6;membre à vie avant triathlète;loufoque;si bien que choisir autour;rédaction;2024-06-11T11:40:44
7;en decà de de façon à ce que afin que;tant que oups;euh douter;pourvu que;2024-06-12T10:03:13
8;fort au-dehors grrr;blême sans;insipide cocorico;jamais naguère;2024-06-12T08:37:02
9;smack oh;vite débattre cuicui;embrasser;commissionnaire;2024-06-12T09:24:55
10;chut;à l'entour de par suite de tandis que;areu areu améliorer;vu que avant;2024-06-12T07:37:30
