id;nom;prenom;email;telephone;password
1;pallier gestionnaire;de sorte que améliorer quoique;Amant.Masson@hotmail.fr;+33 245027483;zzzz corps enseignant imprimer
2;savoir raide;dormir jadis;Laurane36@gmail.com;0659014541;tic-tac bang population du Québec
3;ronron grrr;vite meuh;Leandre_Dupuy@hotmail.fr;+33 244090388;clac
4;au point que abattre dispenser;vite gigantesque conseil municipal;Vigile16@hotmail.fr;+33 668222686;guide
5;boum;sus oh de sorte que;Pulcherie73@gmail.com;0357882600;communauté étudiante
6;oui;smack même tsoin-tsoin;Palemon.Bernard84@hotmail.fr;+33 641437859;antique touchant
7;ha ha;contre délectable;Simon.Adam27@gmail.com;+33 504146865;lors de
8;de peur que super à la faveur de;bouger;Theodose_Lopez@yahoo.fr;+33 486361171;selon
9;broum;auprès de tchou tchouu pas mal;Charline17@gmail.com;0320162224;coin-coin éclairer d'abord
10;hors coupable mairie;jusqu’à ce que autrement bien;Adrastee79@hotmail.fr;0610026716;pourvu que à la merci presque
